[
  {
    "id": "1",
    "title": "Introduction to C++",
    "videoId": "j8nAHeVKL08"
  },
  {
    "id": "2",
    "title": "Basic Structures",
    "videoId": "oW2r0r_i5Ps"
  },
  {
    "id": "3",
    "title": "Variables & Comments",
    "videoId": "jigb6W35zHc"
  },
  {
    "id": "4",
    "title": "Variable Scope & Data Types",
    "videoId": "JrnQ-915czY"
  },
  {
    "id": "5",
    "title": "Basic Input Output",
    "videoId": "J05uoTbGOvQ"
  },
  {
    "id": "6",
    "title": "Header File & Operators",
    "videoId": "7D5A5ZMKRWw"
  },
  {
    "id": "7",
    "title": "Reference Variables & Typecasting",
    "videoId": "a7Wim2t053E"
  },
  {
    "id": "8",
    "title": "Constant, Manipulators & Operator Precedence",
    "videoId": "i3a-G6Ebh9E"
  },
  {
    "id": "9",
    "title": "If Else & Switch Case",
    "videoId": "AY96XFqb934"
  },
  {
    "id": "10",
    "title": "For, While & Do-While Loops",
    "videoId": "a7dfSBrTZtE"
  },
  {
    "id": "11",
    "title": "Break & Continue Statement",
    "videoId": "DJh5NfK7h-U"
  },
  {
    "id": "12",
    "title": "Pointers",
    "videoId": "EvYmTCx9BFs"
  },
  {
    "id": "13",
    "title": "Arrays & Pointers",
    "videoId": "ePJxpxsnkGw"
  },
  {
    "id": "14",
    "title": "Structures, Unions & Enums",
    "videoId": "jCfR7CFlzts"
  },
  {
    "id": "15",
    "title": "Functions & Prototypes",
    "videoId": "RFLFX1boGwo"
  },
  {
    "id": "16",
    "title": "Call by Value & Call by Reference",
    "videoId": "oQbyN-vDghA"
  },
  {
    "id": "17",
    "title": "Inline Functions, Default Arguments & Constants",
    "videoId": "oVvvwEx-gBw"
  },
  {
    "id": "18",
    "title": "Recursion & Recursive Functions",
    "videoId": "JRKs3s15Kjc"
  },
  {
    "id": "19",
    "title": "Function Overloading",
    "videoId": "8qZb09suSHY"
  },
  {
    "id": "20",
    "title": "Object-Oriented Programming",
    "videoId": "nGJTWaaFdjc"
  },
   [
  {
    "id": 21,
    "videoId": "tL8vnfFFzVQ",
    "title": "classes, public & private access modifier"
  },
  {
    "id": 22,
    "videoId": "d363dW0AeS8",
    "title": "oops recap & nesting of member function"
  },
  {
    "id": 23,
    "videoId": "qq05D2yFIHA",
    "title": "objects memory allocation"
  },
  {
    "id": 24,
    "videoId": "QcLI2zGVYFo",
    "title": "static data members & methods"
  },
  {
    "id": 25,
    "videoId": "aKnc1A5NOKo",
    "title": "array of object & passing obj"
  },
  {
    "id": 26,
    "videoId": "HK6gnkQIgqI",
    "title": "friend function"
  },
  {
    "id": 27,
    "videoId": "Tk-4KUoatg8",
    "title": "friend classes & member friend function"
  },
  {
    "id": 28,
    "videoId": "GTJTsMR_fro",
    "title": "more on C++ friend function"
  },
  {
    "id": 29,
    "videoId": "EEJUPXFKe8Q",
    "title": "constructor"
  },
  {
    "id": 30,
    "videoId": "CYXIlh5DURI",
    "title": "parameterized and default constructors"
  },
  {
    "id": 31,
    "videoId": "7BmtA-7r1Fg",
    "title": "constructor overloading"
  },
  {
    "id": 32,
    "videoId": "Ok-5YqcGl6c",
    "title": "constructors with default argument"
  },
  {
    "id": 33,
    "videoId": "c_9oCs-9fvg",
    "title": "dynamic initialization"
  },
  {
    "id": 34,
    "videoId": "jhZjyaNO4Wo",
    "title": "copy constructor"
  },
  {
    "id": 35,
    "videoId": "rm4tGxWBkqs",
    "title": "destructor"
  },
  {
    "id": 36,
    "videoId": "RO1ZYW9NAzg",
    "title": "inheritance & its types"
  },
  {
    "id": 37,
    "videoId": "Dmrc82dL7E8",
    "title": "syntax & visibility"
  },
  {
    "id": 38,
    "videoId": "Dmrc82dL7E8",
    "title": "single inheritance"
  },
  {
    "id": 39,
    "videoId": "Dmrc82dL7E8",
    "title": "protected access modifier"
  },
  {
    "id": 40,
    "videoId": "BLb6-ZgxqHg",
    "title": "multilevel inheritance"
  },
  [
  {
    "id": 41,
    "videoId": "h3INeRqf2vU",
    "title": "multiple inheritance"
  },
  {
    "id": 42,
    "videoId": "SW36UpSdmsM",
    "title": "exercise on inheritance"
  },
  {
    "id": 43,
    "videoId": "ZqfArYoV9Lg",
    "title": "inheritance ambiguity resolution"
  },
  {
    "id": 44,
    "videoId": "kzMQpPX7TUY",
    "title": "virtual base class"
  },
  {
    "id": 45,
    "videoId": "eYV-TohBaa0",
    "title": "virtual base class code"
  },
  {
    "id": 46,
    "videoId": "gvOO4H7j_qI",
    "title": "constructors in derived class"
  },
  {
    "id": 47,
    "videoId": "eGhDSjWGXQc",
    "title": "solution to inheritance exercise"
  },
  {
    "id": 48,
    "videoId": "qHrnTf5DOeI",
    "title": "constructors in derived class"
  },
  {
    "id": 49,
    "videoId": "-Re7K7mHtv4",
    "title": "initialization list in constructors"
  },
  {
    "id": 50,
    "videoId": "2Y0b9nFA9s8",
    "title": "new & delete keywords"
  },
  {
    "id": 51,
    "videoId": "ANpUQgyRPKk",
    "title": "pointer to objects"
  },
  {
    "id": 52,
    "videoId": "OCmCyYxSi2I",
    "title": "array of objects using pointer"
  },
  {
    "id": 53,
    "videoId": "cEOfK_L4gGA",
    "title": "this pointer"
  },
  {
    "id": 54,
    "videoId": "B-WWdC-H0zw",
    "title": "polymorphism"
  },
  {
    "id": 55,
    "videoId": "0YQ_yhX46uk",
    "title": "pointer to derived class"
  },
  {
    "id": 56,
    "videoId": "fB3JHNnlRfI",
    "title": "virtual functions"
  },
  {
    "id": 57,
    "videoId": "-noYyWtdXSI",
    "title": "virtual functions examples"
  },
  {
    "id": 58,
    "videoId": "RBAWWutf0fY",
    "title": "abstract base classes & pure virtual fun"
  },
  {
    "id": 59,
    "videoId": "Ma0P9T4nTDA",
    "title": "fileIO"
  },
  {
    "id": 60,
    "videoId": "LS1zjr1wog4",
    "title": "reading & writing files 1"
  },
   {
    "id": 61,
    "videoId": "7ku2AQsWwZE",
    "title": "reading & writing files 2"
  },
  {
    "id": 62,
    "videoId": "U_w-RfMrX18",
    "title": "open() & eof() functions"
  },
  {
    "id": 63,
    "videoId": "kKJeekDKU30",
    "title": "templates"
  },
  {
    "id": 64,
    "videoId": "SuiGXMqGKak",
    "title": "first templates"
  },
  {
    "id": 65,
    "videoId": "8SQL9-cQmsw",
    "title": "multi-parameters templates"
  },
  {
    "id": 66,
    "videoId": "IdY8t0n8VBs",
    "title": "template with default parameters"
  },
  {
    "id": 67,
    "videoId": "YTS0ShpFsrM",
    "title": "function template"
  },
  {
    "id": 68,
    "videoId": "Y_RMNcXAM1U",
    "title": "overloading function templates"
  },
  {
    "id": 69,
    "videoId": "c9iREsYpayk",
    "title": "STL for competitive programming"
  },
  {
    "id": 70,
    "videoId": "m0gnToak2-g",
    "title": "STL containers"
  },
[
  {
    "id": "71",
    "videoId": "wKDvMcJiEPM",
    "title": "STL vectors"
  },
  {
    "id": "72",
    "videoId": "OI4CXwpMBhE",
    "title": "STL lists"
  },
  {
    "id": "73",
    "videoId": "KwS-Vbsha1k",
    "title": "STL maps"
  },
  {
    "id": "74",
    "videoId": "g4AQiptpcI8",
    "title": "function objects"
  }
]














