[
    {"id": 1, "title": "Introduction to JS", "videoId": "Lgxgm-T9cgA&list"},
    {"id": 2, "title": "Implementation with HTML", "videoId": "C7Pf2gTfgP0&list"},
    {"id": 3, "title": "HTML Tags in JS", "videoId": "ZEMvZZdbBZM"},
    {"id": 4, "title": "Comments", "videoId": "SLxyizaN8X4"},
    {"id": 5, "title": "Variables 1", "videoId": "UHCHqInLg0M"},
    {"id": 6, "title": "Variables 2", "videoId": "oe-VrENM_Oo"},
    {"id": 7, "title": "Data Types", "videoId": "p7mBGmKl6xY"},
    {"id": 8, "title": "Arithmetic Operators", "videoId": "g5llPHuhUUw"},
    {"id": 9, "title": "Assignment Operators", "videoId": "CxBXe_iU_Qk"},
    {"id": 10, "title": "Google Chrome Console", "videoId": "G26aw_Nsk2c"},
    {"id": 11, "title": "Comparison Operator", "videoId": "u5dGu62dbPc"},
    {"id": 12, "title": "If Statement", "videoId": "jz2UVpEuUZE"},
    {"id": 13, "title": "Logical Operators", "videoId": "nMyhq_Gsd_0"},
    {"id": 14, "title": "If Else Statement", "videoId": "j6U4vfXuodw"},
    {"id": 15, "title": "if else if statement", "videoId": "-ZfjrcQRF-E"},
    {"id": 16, "title": "ternary operator", "videoId": "QzaWmh0A-gA"},
    {"id": 17, "title": "switch case", "videoId": "WYy_K75OGqk"},
    {"id": 18, "title": "alert box", "videoId": "GAJ6yIZ7fu8"},
    {"id": 19, "title": "confirm dialog box", "videoId": "aZJG44cVVzY"},
    {"id": 20, "title": "prompt dialog box", "videoId": "SNtKKW_RKi0"},
    {"id": 21, "title": "functions", "videoId": "VBPlKT3x-MU"},
    {"id": 22, "title": "functions with parameters", "videoId": "L1AtWLNpwuQ"},
    {"id": 23, "title": "return statement", "videoId": "ffIQPg2mG5w"},
    {"id": 24, "title": "global and local variables", "videoId": "eaIOmh0Hyos"},
    {"id": 25, "title": "basic events", "videoId": "R7mu7nKFc7w"},
    {"id": 26, "title": "while loop", "videoId": "uceqnCKB2Hg"},
    {"id": 27, "title": "do while loop", "videoId": "id0gwYgDT68"},
    {"id": 28, "title": "for loop", "videoId": "aXlhVeinMfo"},
    {"id": 29, "title": "break & continue statement", "videoId": "eITYb9ljz0U"},
    {"id": 30, "title": "program (odd & even number)", "videoId": "uo-yIJ6GTXw"},
    {"id": 31, "title": "nested loop", "videoId": "i736Gi3nZy8"},
    {"id": 32, "title": "nested loop examples", "videoId": "XVYzHgIyEDk"},
    {"id": 33, "title": "Arrays", "videoId": "Xxn7lpjNwIw"},
    {"id": 34, "title": "array method 2", "videoId": "Xxn7lpjNwIw"},
    {"id": 35, "title": "multidimensional array", "videoId": "9wKRqGk55qg"},
    {"id": 36, "title": "modify & delete", "videoId": "KPNPHnmiEAM"},
    {"id": 37, "title": "sort() & reverse() method", "videoId": "wjzguhR9uSE"},
    {"id": 38, "title": "pop() & push() method", "videoId": "ipIFxfjdSCY"},
    {"id": 39, "title": "shift() & unshift() methods", "videoId": "sCO3QCSDlPc"},
    {"id": 40, "title": "concat() & join()", "videoId": "0O5XeSCe5QM"},
    {"id": 41, "title": "slice() & splice() method", "videoId": "Y5HlAex8O0g"},
    {"id": 42, "title": "isArray() method", "videoId": "xxm67NBPvPA"},
    {"id": 43, "title": "indexOf() & lastindex()", "videoId": "P3AKR4Avzx8"},
    {"id": 44, "title": "includes()", "videoId": "fsfFAe5fhpc"},
    {"id": 45, "title": "some() & every()", "videoId": "TbkILUc8BFE"},
    {"id": 46, "title": "find() & findindex() method", "videoId": "daiUSEYvaMM"},
    {"id": 47, "title": "filter() method", "videoId": "JVSXa6pmHsc"},
    {"id": 48, "title": "toString() valueOf() & fill()", "videoId": "80kYiMnpP88"},
    {"id": 49, "title": "forEach()", "videoId": "u2GVOicqFKM"},
    {"id": 50, "title": "objects", "videoId": "JYKATlAS3ZU"},
    {"id": 51, "title": "objects method", "videoId": "Jwm40bInIRM"},
    {"id": 52, "title": "array of object", "videoId": "1ZRpey-0kHg"},
    {"id": 53, "title": "const var with Array & obj", "videoId": "L8E7izVDK7s"},
    {"id": 54, "title": "for in loop", "videoId": "q-x563o-lBc"},
    {"id": 55, "title": "map()", "videoId": "i17a2cHGsIg"},
    {"id": 56, "title": "string methods", "videoId": "q4Fne_Kwkxs"},
    {"id": 57, "title": "string methods 2", "videoId": "irOLrmZT-5E"},
    {"id": 58, "title": "Number methods", "videoId": "kp8bbu4IgEY"},
    {"id": 59, "title": "math methods", "videoId": "zKVXQ_RgRJA"},
    {"id": 60, "title": "date methods", "videoId": "VSKwgWPVA9M"},
    {"id": 61, "title": "Dom introduction", "videoId": "YIawGqNxe0E"},
    {"id": 62, "title": "targetting methods", "videoId": "y9Tl-PBprdA"},
    {"id": 63, "title": "get & set values", "videoId": "90lP6-LXPl8"},
    {"id": 64, "title": "querySelector() & querySelectorAll()", "videoId": "Tmn1kTysDOQ"},
    {"id": 65, "title": "css styling methods", "videoId": "JeuPPUjY4kQ"},
    {"id": 66, "title": "addEventListener()", "videoId": "NhRhrAziBRU"},
    {"id": 67, "title": "classList()", "videoId": "ykwBHnxP020"},
    {"id": 68, "title": "parentElement & parentNode", "videoId": "Pe3sdhA7YME"},
    {"id": 69, "title": "children & childNodes", "videoId": "nYr4e4H09MM"},
    {"id": 70, "title": "firstchild & lastchild", "videoId": "Fo2QsLDOYlY"},
    {"id": 71, "title": "sibling", "videoId": "kn1BVQYgEDk"},
    {"id": 72, "title": "createElement & Textnode", "videoId": "kn1BVQYgEDk"},
    {"id": 73, "title": "appendchild & insertbefore", "videoId": "XJU0KdOdwLM"},
    {"id": 74, "title": "adjacenthtml", "videoId": "1SYUI0uHksM"},
    {"id": 75, "title": "child replace & remove", "videoId": "x7sKDeL7SrA"},
    {"id": 76, "title": "cloneNode()", "videoId": "xwpGrNTP_oo"},
    {"id": 77, "title": "contains()", "videoId": "hkgqaCOK3r8"},
    {"id": 78, "title": "hasattribute() & childnodes()", "videoId": "me-Yuhf8CtI"},
    {"id": 79, "title": "isEqualNode()", "videoId": "oQbDKJ3WXZg"},
    {"id": 80, "title": "form Events", "videoId": "oQbDKJ3WXZg"},
    {"id": 81, "title": "form Events 2", "videoId": "Y3bdUHR9Cus"},
    {"id": 82, "title": "set & clear interval", "videoId": "aPYcERo8IGA"},
    {"id": 83, "title": "set & clear Timeout()", "videoId": "o83Z3ORQBrU"},
    {"id": 84, "title": "BOM Introduction", "videoId": "rsLZGZPFGqw"},
    {"id": 85, "title": "window height & width", "videoId": "LSJwoxRBjoA"},
    {"id": 86, "title": "window open() & close()", "videoId": "tkMZ5n8EObk"},
    {"id": 87, "title": "window moveBy() & moveTo()", "videoId": "zbaOou2b95g"},
    {"id": 88, "title": "window resizeBy() & resizeTo()", "videoId": "VZPCq-mkwEU"},
    {"id": 89, "title": "window scrollBy() & scrollTo()", "videoId": "6AumMbHpahE"},
    {"id": 90, "title": "location object", "videoId": "pFHw1Hl08nk"},
    {"id": 91, "title": "History Object", "videoId": "nYrCHWPjsbk"},
    {"id": 92, "title": "pageYoffset() & pageXoffset()", "videoId": "88QdfLznDrU"},
    {"id": 93, "title": "offsetTop() & offsetLeft()", "videoId": "UCyRN-StraI"},
    {"id": 94, "title": "scrollTop & scrollLeft", "videoId": "phbiXWeF3CM"},
    {"id": 95, "title": "scrollWidth & scrollheight", "videoId": "nGEqTZQh1B4"},
    {"id": 96, "title": "offsetwidth & offsetheight", "videoId": "NaU2kJ_zdUA"},
    {"id": 97, "title": "clientWidth & clientHeight", "videoId": "o_L-pyHs4dQ"},
    {"id": 98, "title": "clientX & clientY", "videoId": "oxiAyb6gGys"},
    {"id": 99, "title": "pageX & pageY", "videoId": "zEG_YlfYAEQ"},
    {"id": 100, "title": "screeX & screenY", "videoId": "9bb1tKf6J48"},
    {"id": 101, "title": "offsetX & offsetY", "videoId": "WfUdZcP-uvI"},
    {"id": 102, "title": "keys", "videoId": "U4TmZjvRsiA"},
    {"id": 103, "title": "MOuseEvent Property", "videoId": "zRfFccB2gLc"},
    {"id": 104, "title": "keyboardEvent property", "videoId": "-IwP1eoLaBw"},
    {"id": 105, "title": "clipboard events", "videoId": "Corhned52CI"},
    {"id": 106, "title": "ononline & onoffline events", "videoId": "Jd4ilmtW0KI"},
    {"id": 107, "title": "adv javascript", "videoId": "IUFJzLlf2cE"}
]
