
[
  {"id": 1, "title": "Python Introduction", "videoId": "kqtD5dpn9C8"},
  {"id": 2, "title": "Python Installation and Setup", "videoId": "YYXdXT2l-Gg"},
  {"id": 3, "title": "Python Variables and Data Types", "videoId": "j8nAHeVKL08"},
  {"id": 4, "title": "Python Input and Output", "videoId": "kL1HnJnUZl4"},
  {"id": 5, "title": "Python Operators", "videoId": "3Kq1MIfTWCE"},
  {"id": 6, "title": "Python Conditional Statements", "videoId": "1JqVVtAW5Co"},
  {"id": 7, "title": "Python Loops", "videoId": "cGxj-iXfVdU"},
  {"id": 8, "title": "Python Functions", "videoId": "nKPbfIU442g"},
  {"id": 9, "title": "Python Lambda Functions", "videoId": "D0gT3fdxojE"},
  {"id": 10, "title": "Python Arrays", "videoId": "PqFKRqpHrjw"},
  {"id": 11, "title": "Python Lists", "videoId": "ohCDWZgNIU0"},
  {"id": 12, "title": "Python Tuples", "videoId": "TqPzwenhMj0"},
  {"id": 13, "title": "Python Sets", "videoId": "mnr_jgUFIqg"},
  {"id": 14, "title": "Python Dictionaries", "videoId": "daefaLgNkw0"},
  {"id": 15, "title": "Python Dictionary Methods", "videoId": "F27y5LAQAiE"},
  {"id": 16, "title": "Python Classes and Objects", "videoId": "8O5kX73OkI8"},
  {"id": 17, "title": "Python Inheritance", "videoId": "RSl87lqOXDE"},
  {"id": 18, "title": "Python Exception Handling", "videoId": "NIWwJboSgH8"},
  {"id": 19, "title": "Python File Handling", "videoId": "JwSS70SZdyM"},
  {"id": 20, "title": "Python Regular Expressions", "videoId": "K8L6KVGG-7o"},
  {"id": 21, "title": "Python Match Case", "videoId": "oezNPbL8ybk"},
  {"id": 22, "title": "Lists", "videoId": "eF6nK5bSlmg"},
  {"id": 23, "title": "List Methods", "videoId": "scWc3F8LbOo"},
  {"id": 24, "title": "Tuples", "videoId": "PipsOUDKrVk"},
  {"id": 25, "title": "Tuple Methods", "videoId": "XblLSduioJI"},
  {"id": 26, "title": "Exercise 2 Solution", "videoId": "IZBKXWrbqBM"},
  {"id": 27, "title": "Exercise 3", "videoId": "Vs1Z7K70Mvw"},
  {"id": 28, "title": "F-Strings", "videoId": "ixmxgUf8yIg"},
  {"id": 29, "title": "DocStrings", "videoId": "SJzsNd7SM0g"},
  {"id": 30, "title": "Recursion", "videoId": "XYwJKFB8DUk"},
  {"id": 31, "title": "Sets", "videoId": "l3kCO8cVA6o"},
  {"id": 32, "title": "Set Methods", "videoId": "HOrutCnp2zo"},
  {"id": 33, "title": "Dictionary", "videoId": "j2G68uQtOwM"},
  {"id": 34, "title": "Dictionary Methods", "videoId": "LmbFwaLjT9k"},
  {"id": 35, "title": "For Loop with Else", "videoId": "qUkcIgErZzc"},
  {"id": 36, "title": "Exception Handling", "videoId": "4LKo6dlku7M"},
  {"id": 37, "title": "Finally Keyword", "videoId": "r_iuC-IDpPM"},
  {"id": 38, "title": "Custom Errors", "videoId": "Phr4CNppYoM"},
  {"id": 39, "title": "Exercise 3: Solution", "videoId": "nyfeYAxP-EM"},
  {"id": 40, "title": "Exercise 4", "videoId": "pOWJ6WgVRIU"}
]